<?xml version="1.0" encoding="UTF-8"?>
<databaseChangeLog
        xmlns:xsi="http://www.w3.org/2001/XMLSchema-instance"
        xmlns="http://www.liquibase.org/xml/ns/dbchangelog"
        xsi:schemaLocation="http://www.liquibase.org/xml/ns/dbchangelog
                      http://www.liquibase.org/xml/ns/dbchangelog/dbchangelog-4.27.xsd"
        objectQuotingStrategy="QUOTE_ONLY_RESERVED_WORDS">

    <changeSet id="1748194487345-1" author="sofiia">
        <createTable tableName="admins">
            <column name="user_id" type="BIGINT">
                <constraints nullable="false" primaryKey="true" primaryKeyName="pk_admins"/>
            </column>
            <column name="date_of_approving" type="DATETIME"/>
            <column name="date_of_adding" type="DATETIME"/>
            <column name="added_by" type="VARCHAR(255)"/>
            <column name="is_approved" type="BOOLEAN"/>
            <column name="is_new_account" type="BOOLEAN"/>
        </createTable>
    </changeSet>
    <changeSet id="1748194487345-2" author="sofiia">
        <createTable tableName="feedbacks">
            <column autoIncrement="true" name="feedback_id" type="BIGINT">
                <constraints nullable="false" primaryKey="true" primaryKeyName="pk_feedbacks"/>
            </column>
            <column name="text" type="VARCHAR(255)"/>
            <column name="unit_id" type="BIGINT"/>
            <column name="feedback_type" type="VARCHAR(255)"/>
            <column name="feedback_status" type="VARCHAR(255)"/>
        </createTable>
    </changeSet>
    <changeSet id="1748194487345-3" author="sofiia">
        <createTable tableName="logisticians">
            <column name="user_id" type="BIGINT">
                <constraints nullable="false" primaryKey="true" primaryKeyName="pk_logisticians"/>
            </column>
            <column name="added_by" type="VARCHAR(255)"/>
        </createTable>
    </changeSet>
    <changeSet id="1748194487345-4" author="sofiia">
        <createTable tableName="logistics_requests">
            <column autoIncrement="true" name="request_id" type="BIGINT">
                <constraints nullable="false" primaryKey="true" primaryKeyName="pk_logistics_requests"/>
            </column>
            <column name="request_status" type="VARCHAR(255)"/>
            <column name="unit_id" type="BIGINT"/>
            <column name="mission_id" type="BIGINT"/>
        </createTable>
    </changeSet>
    <changeSet id="1748194487345-5" author="sofiia">
        <createTable tableName="missions">
            <column autoIncrement="true" name="mission_id" type="BIGINT">
                <constraints nullable="false" primaryKey="true" primaryKeyName="pk_missions"/>
            </column>
            <column name="description" type="VARCHAR(255)"/>
            <column name="complexity" type="DOUBLE"/>
            <column name="start_time" type="DATETIME"/>
            <column name="end_time" type="DATETIME"/>
            <column name="unit_id" type="BIGINT"/>
        </createTable>
    </changeSet>
    <changeSet id="1748194487345-6" author="sofiia">
        <createTable tableName="request_resource">
            <column autoIncrement="true" name="request_resource_id" type="BIGINT">
                <constraints nullable="false" primaryKey="true" primaryKeyName="pk_request_resource"/>
            </column>
            <column name="request_id" type="BIGINT"/>
            <column name="resource_id" type="VARCHAR(255)"/>
            <column name="quantity" type="INT"/>
        </createTable>
    </changeSet>
    <changeSet id="1748194487345-7" author="sofiia">
        <createTable tableName="resource_stocks">
            <column autoIncrement="true" name="resource_stock_id" type="BIGINT">
                <constraints nullable="false" primaryKey="true" primaryKeyName="pk_resource_stocks"/>
            </column>
            <column name="unit_id" type="BIGINT"/>
            <column name="resource_id" type="VARCHAR(255)"/>
            <column name="quantity" type="INT"/>
        </createTable>
    </changeSet>
    <changeSet id="1748194487345-8" author="sofiia">
        <createTable tableName="soldiers">
            <column name="user_id" type="BIGINT">
                <constraints nullable="false" primaryKey="true" primaryKeyName="pk_soldiers"/>
            </column>
            <column name="added_by" type="VARCHAR(255)"/>
            <column name="personal_number" type="VARCHAR(255)"/>
            <column name="position" type="VARCHAR(255)"/>
            <column name="unit_id" type="BIGINT"/>
        </createTable>
    </changeSet>
    <changeSet id="1748194487345-9" author="sofiia">
        <createTable tableName="supports">
            <column autoIncrement="true" name="support_id" type="BIGINT">
                <constraints nullable="false" primaryKey="true" primaryKeyName="pk_supports"/>
            </column>
            <column name="user_id" type="BIGINT"/>
            <column name="battle_group_name" type="VARCHAR(255)"/>
            <column name="position" type="VARCHAR(255)"/>
            <column name="description" type="VARCHAR(255)"/>
        </createTable>
    </changeSet>
    <changeSet id="1748194487345-10" author="sofiia">
        <createTable tableName="units">
            <column autoIncrement="true" name="unit_id" type="BIGINT">
                <constraints nullable="false" primaryKey="true" primaryKeyName="pk_units"/>
            </column>
            <column name="unit_name" type="VARCHAR(255)"/>
            <column name="unit_type" type="VARCHAR(255)"/>
            <column name="soldier_amount" type="INT"/>
            <column name="parent_unit_id" type="BIGINT"/>
        </createTable>
    </changeSet>
    <changeSet id="1748194487345-11" author="sofiia">
        <createTable tableName="users">
            <column autoIncrement="true" name="user_id" type="BIGINT">
                <constraints nullable="false" primaryKey="true" primaryKeyName="pk_users"/>
            </column>
            <column name="first_name" type="VARCHAR(255)"/>
            <column name="last_name" type="VARCHAR(255)"/>
            <column name="email" type="VARCHAR(255)"/>
            <column name="password" type="VARCHAR(255)"/>
            <column name="role" type="VARCHAR(255)"/>
        </createTable>
    </changeSet>
    <changeSet id="1748194487345-12" author="sofiia">
        <addForeignKeyConstraint baseColumnNames="user_id"
                                 baseTableName="admins"
                                 constraintName="FK_ADMINS_ON_USER"
                                 referencedColumnNames="user_id"
                                 referencedTableName="users"/>
    </changeSet>
    <changeSet id="1748194487345-13" author="sofiia">
        <addForeignKeyConstraint baseColumnNames="unit_id"
                                 baseTableName="feedbacks"
                                 constraintName="FK_FEEDBACKS_ON_UNIT"
                                 referencedColumnNames="unit_id"
                                 referencedTableName="units"/>
    </changeSet>
    <changeSet id="1748194487345-14" author="sofiia">
        <addForeignKeyConstraint baseColumnNames="user_id"
                                 baseTableName="logisticians"
                                 constraintName="FK_LOGISTICIANS_ON_USER"
                                 referencedColumnNames="user_id"
                                 referencedTableName="users"/>
    </changeSet>
    <changeSet id="1748194487345-15" author="sofiia">
        <addForeignKeyConstraint baseColumnNames="mission_id"
                                 baseTableName="logistics_requests"
                                 constraintName="FK_LOGISTICS_REQUESTS_ON_MISSION"
                                 referencedColumnNames="mission_id"
                                 referencedTableName="missions"/>
    </changeSet>
    <changeSet id="1748194487345-16" author="sofiia">
        <addForeignKeyConstraint baseColumnNames="unit_id"
                                 baseTableName="logistics_requests"
                                 constraintName="FK_LOGISTICS_REQUESTS_ON_UNIT"
                                 referencedColumnNames="unit_id"
                                 referencedTableName="units"/>
    </changeSet>
    <changeSet id="1748194487345-17" author="sofiia">
        <addForeignKeyConstraint baseColumnNames="unit_id"
                                 baseTableName="missions"
                                 constraintName="FK_MISSIONS_ON_UNIT"
                                 referencedColumnNames="unit_id"
                                 referencedTableName="units"/>
    </changeSet>
    <changeSet id="1748194487345-18" author="sofiia">
        <addForeignKeyConstraint baseColumnNames="request_id"
                                 baseTableName="request_resource"
                                 constraintName="FK_REQUEST_RESOURCE_ON_REQUEST"
                                 referencedColumnNames="request_id"
                                 referencedTableName="logistics_requests"/>
    </changeSet>
    <changeSet id="1748194487345-19" author="sofiia">
        <addForeignKeyConstraint baseColumnNames="unit_id"
                                 baseTableName="resource_stocks"
                                 constraintName="FK_RESOURCE_STOCKS_ON_UNIT"
                                 referencedColumnNames="unit_id"
                                 referencedTableName="units"/>
    </changeSet>
    <changeSet id="1748194487345-20" author="sofiia">
        <addForeignKeyConstraint baseColumnNames="unit_id"
                                 baseTableName="soldiers"
                                 constraintName="FK_SOLDIERS_ON_UNIT"
                                 referencedColumnNames="unit_id"
                                 referencedTableName="units"/>
    </changeSet>

    <changeSet id="1748194487345-21" author="sofiia">
        <insert tableName="users">
            <column name="first_name" value="Admin"/>
            <column name="last_name" value="Admin"/>
            <column name="email" value="admin@gmail.com"/>
            <column name="password" value="$2a$10$qOQe2QxYuAujlHXVA2MrYueokXjwqPx3yt5BXh/LXlrGdIsrokL5O"/>
            <column name="role" value="CHIEF_ADMIN"/>
        </insert>
    </changeSet>

    <changeSet id="1748194487345-22" author="sofiia">
        <insert tableName="admins">
            <column name="user_id" valueNumeric="(SELECT user_id FROM users WHERE email = 'admin@gmail.com')"/>
            <column name="date_of_approving" valueDate="NULL"/>
            <column name="date_of_adding" valueDate="NULL"/>
            <column name="added_by" value="NULL"/>
            <column name="is_approved" valueBoolean="TRUE"/>
            <column name="is_new_account" valueBoolean="FALSE"/>
        </insert>
    </changeSet>

    <include file="db/changelog/insert-data.xml"/>

</databaseChangeLog>