<?xml version="1.0" encoding="UTF-8"?>

<databaseChangeLog
        xmlns:xsi="http://www.w3.org/2001/XMLSchema-instance"
        xmlns="http://www.liquibase.org/xml/ns/dbchangelog"
        xsi:schemaLocation="http://www.liquibase.org/xml/ns/dbchangelog
                        http://www.liquibase.org/xml/ns/dbchangelog/dbchangelog-3.8.xsd">

    <!-- Insert Users -->
    <changeSet id="1" author="your_name">
        <insert tableName="users">
            <column name="first_name" value="Ivan"/>
            <column name="last_name" value="Petrenko"/>
            <column name="email" value="ivan.petrenko@army.ua"/>
            <column name="password" value="$2a$10$tCez1cOA5SK7Y6rpW3AjUuE5l5Nz/7gUN/iPjXa2gFnhPvQCDj36y"/>
            <column name="role" value="SOLDIER"/>
        </insert>
        <insert tableName="users">
            <column name="first_name" value="Andrii"/>
            <column name="last_name" value="Tkachenko"/>
            <column name="email" value="andrii.tkachenko@army.ua"/>
            <column name="password" value="$2a$10$tCez1cOA5SK7Y6rpW3AjUuE5l5Nz/7gUN/iPjXa2gFnhPvQCDj36y"/>
            <column name="role" value="SOLDIER"/>
        </insert>
        <insert tableName="users">
            <column name="first_name" value="Serhii"/>
            <column name="last_name" value="Melnyk"/>
            <column name="email" value="serhii.melnyk@army.ua"/>
            <column name="password" value="$2a$10$tCez1cOA5SK7Y6rpW3AjUuE5l5Nz/7gUN/iPjXa2gFnhPvQCDj36y"/>
            <column name="role" value="SOLDIER"/>
        </insert>
    </changeSet>

    <!-- Insert Units -->
    <changeSet id="2" author="your_name">
        <insert tableName="units">
            <column name="unit_name" value="Brigade 1"/>
            <column name="unit_type" value="BRIGADE"/>
        </insert>
        <insert tableName="units">
            <column name="unit_name" value="Brigade 2"/>
            <column name="unit_type" value="BRIGADE"/>
        </insert>
        <insert tableName="units">
            <column name="unit_name" value="Battalion 1"/>
            <column name="unit_type" value="BATTALION"/>
            <column name="parent_unit_id" value="1"/>
        </insert>
        <insert tableName="units">
            <column name="unit_name" value="Company 1"/>
            <column name="unit_type" value="COMPANY"/>
            <column name="parent_unit_id" value="3"/>
        </insert>
        <insert tableName="units">
            <column name="unit_name" value="Platoon 1"/>
            <column name="unit_type" value="PLATOON"/>
            <column name="parent_unit_id" value="4"/>
        </insert>
    </changeSet>

    <!-- Insert Soldiers -->
    <changeSet id="3" author="your_name">
        <insert tableName="soldiers">
            <column name="user_id" value="2"/>
            <column name="added_by" value="admin@gmail.com"/>
            <column name="personal_number" value="PN-101"/>
            <column name="position" value="BRIGADE_COMMANDER"/>
            <column name="unit_id" value="2"/>
        </insert>
        <insert tableName="soldiers">
            <column name="user_id" value="3"/>
            <column name="added_by" value="admin@gmail.com"/>
            <column name="personal_number" value="PN-102"/>
            <column name="position" value="BRIGADE_COMMANDER"/>
            <column name="unit_id" value="1"/>
        </insert>
        <insert tableName="soldiers">
            <column name="user_id" value="4"/>
            <column name="added_by" value="admin@gmail.com"/>
            <column name="personal_number" value="PN-103"/>
            <column name="position" value="BATTALION_COMMANDER"/>
            <column name="unit_id" value="3"/>
        </insert>
    </changeSet>

    <!-- Insert Missions -->
    <changeSet id="4" author="your_name">
        <insert tableName="missions">
            <column name="description" value="Rescue operation in Zone A"/>
            <column name="complexity" valueNumeric="1.00"/>
            <column name="start_time" valueDate="2025-04-03 06:00:00"/>
            <column name="end_time" valueDate="2025-04-10 18:00:00"/>
            <column name="unit_id" value="2"/>
        </insert>
        <insert tableName="missions">
            <column name="description" value="Supply delivery to base Delta"/>
            <column name="complexity" valueNumeric="0.00"/>
            <column name="start_time" valueDate="2025-02-12 09:00:00"/>
            <column name="end_time" valueDate="2025-03-24 15:00:00"/>
            <column name="unit_id" value="2"/>
        </insert>
        <insert tableName="missions">
            <column name="description" value="Recon operation near Sector 5"/>
            <column name="complexity" valueNumeric="2.80"/>
            <column name="start_time" valueDate="2025-04-01 05:00:00"/>
            <column name="end_time" valueDate="2025-04-07 17:00:00"/>
            <column name="unit_id" value="1"/>
        </insert>
    </changeSet>

    <!-- Insert Logistics Requests -->
    <!--    <changeSet id="5" author="your_name">-->
    <!--        <insert tableName="logistics_requests">-->
    <!--            <column name="request_status" value="PENDING"/>-->
    <!--            <column name="unit_id" value="1"/>-->
    <!--            <column name="mission_id" value="2"/>-->
    <!--        </insert>-->
    <!--        <insert tableName="logistics_requests">-->
    <!--            <column name="request_status" value="APPROVED"/>-->
    <!--            <column name="unit_id" value="1"/>-->
    <!--            <column name="mission_id" value="3"/>-->
    <!--        </insert>-->
    <!--        <insert tableName="logistics_requests">-->
    <!--            <column name="request_status" value="DELIVERED"/>-->
    <!--            <column name="unit_id" value="2"/>-->
    <!--            <column name="mission_id" value="1"/>-->
    <!--        </insert>-->
    <!--    </changeSet>-->

    <!--    &lt;!&ndash; Insert Resources &ndash;&gt;-->
    <!--    <changeSet id="6" author="your_name">-->
    <!--        <insert tableName="resources">-->
    <!--            <column name="resource_name" value="First Aid Kit"/>-->
    <!--            <column name="price" value="50.00"/>-->
    <!--        </insert>-->
    <!--        <insert tableName="resources">-->
    <!--            <column name="resource_name" value="Ration Pack"/>-->
    <!--            <column name="price" value="20.00"/>-->
    <!--        </insert>-->
    <!--        <insert tableName="resources">-->
    <!--            <column name="resource_name" value="Fuel Canister"/>-->
    <!--            <column name="price" value="75.00"/>-->
    <!--        </insert>-->
    <!--        <insert tableName="resources">-->
    <!--            <column name="resource_name" value="Ammunition Box"/>-->
    <!--            <column name="price" value="100.00"/>-->
    <!--        </insert>-->
    <!--    </changeSet>-->

    <!-- Insert Request Resources -->
    <!--    <changeSet id="7" author="your_name">-->
    <!--        <insert tableName="request_resource">-->
    <!--            <column name="request_id" value="1"/>-->
    <!--            <column name="resource_id" value="2"/>-->
    <!--            <column name="quantity" value="30"/>-->
    <!--        </insert>-->
    <!--        <insert tableName="request_resource">-->
    <!--            <column name="request_id" value="1"/>-->
    <!--            <column name="resource_id" value="3"/>-->
    <!--            <column name="quantity" value="10"/>-->
    <!--        </insert>-->
    <!--        <insert tableName="request_resource">-->
    <!--            <column name="request_id" value="2"/>-->
    <!--            <column name="resource_id" value="4"/>-->
    <!--            <column name="quantity" value="5"/>-->
    <!--        </insert>-->
    <!--        <insert tableName="request_resource">-->
    <!--            <column name="request_id" value="3"/>-->
    <!--            <column name="resource_id" value="1"/>-->
    <!--            <column name="quantity" value="15"/>-->
    <!--        </insert>-->
    <!--    </changeSet>-->

</databaseChangeLog>
